<annotation>
	<folder>images</folder>
	<filename>12.jpg</filename>
	<path>C:\Users\91739\Desktop\Main\Sign_language_data\test\images\12.jpg</path>
	<source>
		<database>Unknown</database>
	</source>
	<size>
		<width>640</width>
		<height>480</height>
		<depth>3</depth>
	</size>
	<segmented>0</segmented>
	<object>
		<name>iloveyou</name>
		<pose>Unspecified</pose>
		<truncated>0</truncated>
		<difficult>0</difficult>
		<bndbox>
			<xmin>155</xmin>
			<ymin>206</ymin>
			<xmax>313</xmax>
			<ymax>400</ymax>
		</bndbox>
	</object>
</annotation>
