<annotation>
	<folder>images</folder>
	<filename>14.jpg</filename>
	<path>C:\Users\91739\Desktop\Main\Sign_language_data\test\images\14.jpg</path>
	<source>
		<database>Unknown</database>
	</source>
	<size>
		<width>640</width>
		<height>480</height>
		<depth>3</depth>
	</size>
	<segmented>0</segmented>
	<object>
		<name>iloveyou</name>
		<pose>Unspecified</pose>
		<truncated>0</truncated>
		<difficult>0</difficult>
		<bndbox>
			<xmin>153</xmin>
			<ymin>204</ymin>
			<xmax>323</xmax>
			<ymax>409</ymax>
		</bndbox>
	</object>
</annotation>
