<annotation>
	<folder>images</folder>
	<filename>2 (11).jpg</filename>
	<path>C:\Users\91739\Desktop\Main\Sign_language_data\test\images\2 (11).jpg</path>
	<source>
		<database>Unknown</database>
	</source>
	<size>
		<width>640</width>
		<height>480</height>
		<depth>3</depth>
	</size>
	<segmented>0</segmented>
	<object>
		<name>no</name>
		<pose>Unspecified</pose>
		<truncated>0</truncated>
		<difficult>0</difficult>
		<bndbox>
			<xmin>177</xmin>
			<ymin>311</ymin>
			<xmax>293</xmax>
			<ymax>428</ymax>
		</bndbox>
	</object>
</annotation>
