<annotation>
	<folder>images</folder>
	<filename>2 (13).jpg</filename>
	<path>C:\Users\91739\Desktop\Main\Sign_language_data\test\images\2 (13).jpg</path>
	<source>
		<database>Unknown</database>
	</source>
	<size>
		<width>640</width>
		<height>480</height>
		<depth>3</depth>
	</size>
	<segmented>0</segmented>
	<object>
		<name>no</name>
		<pose>Unspecified</pose>
		<truncated>0</truncated>
		<difficult>0</difficult>
		<bndbox>
			<xmin>250</xmin>
			<ymin>192</ymin>
			<xmax>364</xmax>
			<ymax>321</ymax>
		</bndbox>
	</object>
</annotation>
