<annotation>
	<folder>images</folder>
	<filename>3 (8).jpg</filename>
	<path>C:\Users\91739\Desktop\Main\Sign_language_data\test\images\3 (8).jpg</path>
	<source>
		<database>Unknown</database>
	</source>
	<size>
		<width>640</width>
		<height>480</height>
		<depth>3</depth>
	</size>
	<segmented>0</segmented>
	<object>
		<name>yes</name>
		<pose>Unspecified</pose>
		<truncated>0</truncated>
		<difficult>0</difficult>
		<bndbox>
			<xmin>167</xmin>
			<ymin>122</ymin>
			<xmax>294</xmax>
			<ymax>252</ymax>
		</bndbox>
	</object>
</annotation>
