<annotation>
	<folder>images</folder>
	<filename>4 (12).jpg</filename>
	<path>C:\Users\91739\Desktop\Main\Sign_language_data\test\images\4 (12).jpg</path>
	<source>
		<database>Unknown</database>
	</source>
	<size>
		<width>640</width>
		<height>480</height>
		<depth>3</depth>
	</size>
	<segmented>0</segmented>
	<object>
		<name>please</name>
		<pose>Unspecified</pose>
		<truncated>0</truncated>
		<difficult>0</difficult>
		<bndbox>
			<xmin>198</xmin>
			<ymin>69</ymin>
			<xmax>344</xmax>
			<ymax>323</ymax>
		</bndbox>
	</object>
</annotation>
