<annotation>
	<folder>images</folder>
	<filename>4.jpg</filename>
	<path>C:\Users\91739\Desktop\Main\Sign_language_data\test\images\4.jpg</path>
	<source>
		<database>Unknown</database>
	</source>
	<size>
		<width>640</width>
		<height>480</height>
		<depth>3</depth>
	</size>
	<segmented>0</segmented>
	<object>
		<name>iloveyou</name>
		<pose>Unspecified</pose>
		<truncated>0</truncated>
		<difficult>0</difficult>
		<bndbox>
			<xmin>229</xmin>
			<ymin>134</ymin>
			<xmax>404</xmax>
			<ymax>360</ymax>
		</bndbox>
	</object>
</annotation>
